[{"model": "shop.category", "pk": 1, "fields": {"name": "Crumbl", "slug": "Crumbl", "description": ""}}, {"model": "shop.category", "pk": 2, "fields": {"name": "Muffin", "slug": "Muffin", "description": ""}}, {"model": "shop.category", "pk": 3, "fields": {"name": "Donuts", "slug": "Donuts", "description": ""}}, {"model": "shop.product", "pk": 1, "fields": {"name": "Chocolate Crumbl", "slug": "chocolate-crumbl", "description": "Classico e irresistibile: biscotto doppio cioccolato con gocce fondenti.", "short_description": "", "price": "4.50", "discount_price": null, "category": 1, "image": "products/chocolate_crumbl.jpg", "is_new": false, "available": true, "date_created": "2025-06-16T00:00:00Z", "updated_at": "2025-06-22T10:22:56.800Z"}}, {"model": "shop.product", "pk": 2, "fields": {"name": "Baby Crumbl", "slug": "baby-crumbl", "description": "Morbido biscotto alla vaniglia in formato mini, perfetto per un dolce assaggio.", "short_description": "", "price": "2.80", "discount_price": null, "category": 1, "image": "products/baby_crumbl.jpg", "is_new": false, "available": true, "date_created": "2025-06-16T00:00:00Z", "updated_at": "2025-06-22T10:22:47.664Z"}}, {"model": "shop.product", "pk": 3, "fields": {"name": "Biscuits Crumbl", "slug": "biscuits-crumbl", "description": "Biscotto friabile al burro con note di vaniglia e un tocco di sale marino.", "short_description": "", "price": "3.50", "discount_price": null, "category": 1, "image": "products/biscuits_crumbl.jpg", "is_new": false, "available": true, "date_created": "2025-06-16T00:00:00Z", "updated_at": "2025-06-22T10:22:37.393Z"}}, {"model": "shop.product", "pk": 4, "fields": {"name": "Caramell Crumbl", "slug": "caramell-crumbl", "description": "Biscotto al caramello con cuore morbido e glassa salata in superficie.", "short_description": "", "price": "4.50", "discount_price": null, "category": 1, "image": "products/caramell_crumbl.jpg", "is_new": false, "available": true, "date_created": "2025-06-16T00:00:00Z", "updated_at": "2025-06-22T10:22:10.945Z"}}, {"model": "shop.product", "pk": 5, "fields": {"name": "Confetti Crumbl", "slug": "confetti-crumbl", "description": "Base alla vaniglia con confetti colorati croccanti e glassa zuccherina.", "short_description": "", "price": "3.00", "discount_price": null, "category": 1, "image": "products/confetti_crumbl.jpg", "is_new": false, "available": true, "date_created": "2025-06-16T00:00:00Z", "updated_at": "2025-06-22T10:22:00.594Z"}}, {"model": "shop.product", "pk": 6, "fields": {"name": "Lemon Crumbl", "slug": "lemon-crumbl", "description": "Fresco e profumato: biscotto al limone con glassa agrumata e zucchero a velo.", "short_description": "", "price": "4.20", "discount_price": null, "category": 1, "image": "lemon_crumbl.jpg", "is_new": false, "available": true, "date_created": "2025-06-16T00:00:00Z", "updated_at": "2025-06-22T10:21:53.566Z"}}, {"model": "shop.product", "pk": 7, "fields": {"name": "Oreo Crumbl", "slug": "oreo-crumbl", "description": "Biscotto al cacao con pezzetti di Oreo e crema alla vaniglia al centro.", "short_description": "", "price": "4.00", "discount_price": null, "category": 1, "image": "products/oreo_crumbl.jpg", "is_new": false, "available": true, "date_created": "2025-06-16T00:00:00Z", "updated_at": "2025-06-23T08:03:53.362Z"}}, {"model": "shop.product", "pk": 8, "fields": {"name": "Pink Crumbl", "slug": "pink-crumbl", "description": "Biscotto rosa alla fragola con glassa morbida e topping perlato.", "short_description": "", "price": "3.20", "discount_price": null, "category": 1, "image": "products/pink_crumbl.jpg", "is_new": false, "available": true, "date_created": "2025-06-16T00:00:00Z", "updated_at": "2025-06-22T10:21:29.441Z"}}, {"model": "shop.product", "pk": 9, "fields": {"name": "Red Velvet Crumbl", "slug": "redvelvet-crumbl", "description": "Iconico biscotto red velvet con cuore al cream cheese.", "short_description": "", "price": "4.50", "discount_price": null, "category": 1, "image": "products/Red_Velvet_crumbl.jpg", "is_new": false, "available": true, "date_created": "2025-06-16T00:00:00Z", "updated_at": "2025-06-22T10:21:20.491Z"}}, {"model": "shop.product", "pk": 10, "fields": {"name": "Soft Crumbl", "slug": "soft-crumbl", "description": "La versione pi¨ soffice di sempre: biscotto al latte con consistenza nuvola.", "short_description": "", "price": "3.20", "discount_price": null, "category": 1, "image": "products/soft_crumbl.jpg", "is_new": false, "available": true, "date_created": "2025-06-16T00:00:00Z", "updated_at": "2025-06-22T10:21:11.787Z"}}, {"model": "shop.product", "pk": 11, "fields": {"name": "Strawberries Crumbl", "slug": "strawberries-crumbl", "description": "Biscotto alla fragola con veri pezzetti di frutta e crema dolce in superficie.", "short_description": "", "price": "4.20", "discount_price": null, "category": 1, "image": "products/strawberries_crumbl.jpg", "is_new": false, "available": true, "date_created": "2025-06-16T00:00:00Z", "updated_at": "2025-06-22T10:20:59.394Z"}}, {"model": "shop.product", "pk": 12, "fields": {"name": "The Lotus Crumbl", "slug": "the-lotus-crumbl", "description": "Biscotto al burro con crema spalmabile Lotus Biscoff e crumble croccante.", "short_description": "", "price": "4.20", "discount_price": null, "category": 1, "image": "products/the_lotus_crumbl.jpg", "is_new": false, "available": true, "date_created": "2025-06-16T00:00:00Z", "updated_at": "2025-06-22T10:20:35.171Z"}}, {"model": "shop.product", "pk": 13, "fields": {"name": "Blue Coriandoli Donut", "slug": "blue_coriandoli_donut", "description": "Un donut soffice e colorato, ricoperto da una glassa blu brillante e decorato con coriandoli colorati. Perfetto per feste a tema o per chi ama un tocco di allegria nella propria pausa dolce!", "short_description": "", "price": "4.50", "discount_price": null, "category": 3, "image": "products/blue_coriandoli_donut.jpg", "is_new": false, "available": true, "date_created": "2025-06-23T06:59:16.915Z", "updated_at": "2025-06-23T07:00:22.905Z"}}, {"model": "shop.product", "pk": 14, "fields": {"name": "Cereal Donut", "slug": "cereal_donut", "description": "Un donut croccante fuori e morbido dentro, ricoperto da una deliziosa glassa al latte e arricchito con cereali croccanti. La colazione diventa un momento goloso!", "short_description": "", "price": "4.50", "discount_price": null, "category": 3, "image": "products/cereal_donut.jpg", "is_new": false, "available": true, "date_created": "2025-06-23T07:01:16.399Z", "updated_at": "2025-06-23T07:01:16.399Z"}}, {"model": "shop.product", "pk": 15, "fields": {"name": "Chocolate Sparkles Donut", "slug": "chocolate_sparkles_donut", "description": "Un classico intramontabile: donut alla vaniglia con glassa al cioccolato e granella di cioccolato. Semplicemente irresistibile!", "short_description": "", "price": "4.50", "discount_price": null, "category": 3, "image": "products/chocolate_sprinkles_donut.jpg", "is_new": false, "available": true, "date_created": "2025-06-23T07:02:21.703Z", "updated_at": "2025-06-23T07:02:21.703Z"}}, {"model": "shop.product", "pk": 16, "fields": {"name": "Classic Donut", "slug": "classic_donut", "description": "Il donut perfetto, soffice e leggermente dolce, con una glassa liscia e lucida. La scelta ideale per chi ama la tradizione senza rinunciare al gusto.", "short_description": "", "price": "4.00", "discount_price": null, "category": 3, "image": "products/classic_donut.jpg", "is_new": false, "available": true, "date_created": "2025-06-23T07:03:09.273Z", "updated_at": "2025-06-23T07:03:09.273Z"}}, {"model": "shop.product", "pk": 17, "fields": {"name": "Dark Chocolate Donut", "slug": "dark_chocolate_donut", "description": "Per gli amanti del cioccolato intenso: un donut ricoperto di glassa al cioccolato fondente, cremoso e avvolgente. Un piacere per il palato!", "short_description": "", "price": "4.50", "discount_price": null, "category": 3, "image": "products/dark_chocolate_donut.jpg", "is_new": false, "available": true, "date_created": "2025-06-23T07:03:51.555Z", "updated_at": "2025-06-23T07:03:51.555Z"}}, {"model": "shop.product", "pk": 18, "fields": {"name": "M&M's Donut", "slug": "mm_donut", "description": "Un donut glassato al cioccolato o alla vaniglia, ricoperto di M&M's colorati. Un'esplosione di gusto e divertimento in ogni morso!", "short_description": "", "price": "4.50", "discount_price": null, "category": 3, "image": "products/MM_donut.jpg", "is_new": false, "available": true, "date_created": "2025-06-23T07:04:49.167Z", "updated_at": "2025-06-23T08:03:45.544Z"}}, {"model": "shop.product", "pk": 19, "fields": {"name": "Oreo Donut", "slug": "oreo_donut", "description": "Un donut farcito o glassato con crema Oreo e decorato con pezzi di biscotto. Il gusto inconfondibile di Oreo in una versione soffice e golosa.", "short_description": "", "price": "4.50", "discount_price": null, "category": 3, "image": "products/oreo_donut.jpg", "is_new": false, "available": true, "date_created": "2025-06-23T07:05:32.815Z", "updated_at": "2025-06-23T07:05:32.815Z"}}, {"model": "shop.product", "pk": 20, "fields": {"name": "Pink Coriandoli Donut", "slug": "pink_coriandoli_donut", "description": "Delicato e festoso, questo donut Þ ricoperto da una glassa rosa e coriandoli variopinti. Perfetto per compleanni, feste o semplicemente per regalarsi un momento di dolcezza.", "short_description": "", "price": "4.30", "discount_price": null, "category": 3, "image": "products/pink_coriandoli_donut.jpg", "is_new": false, "available": true, "date_created": "2025-06-23T07:06:17.229Z", "updated_at": "2025-06-23T07:06:17.229Z"}}, {"model": "shop.product", "pk": 21, "fields": {"name": "Pistacchio Donut", "slug": "pistacchio_donut", "description": "Un donut dal gusto ricercato, con glassa al pistacchio e spesso arricchito con granella di pistacchio. Un must per chi ama i sapori fruttati e aromatici.", "short_description": "", "price": "4.70", "discount_price": null, "category": 3, "image": "products/pistacchio_dunut.jpg", "is_new": false, "available": true, "date_created": "2025-06-23T07:07:05.423Z", "updated_at": "2025-06-23T07:07:05.423Z"}}, {"model": "shop.product", "pk": 22, "fields": {"name": "Red Velvet Donut", "slug": "redvelvet_donut", "description": "Elegante e vellutato, questo donut Þ ispirato alla famosa torta Red Velvet, con glassa al formaggio o cioccolato bianco. Un mix perfetto tra dolcezza e raffinatezza.", "short_description": "", "price": "4.80", "discount_price": null, "category": 3, "image": "red_velvet_donut.jpg", "is_new": false, "available": true, "date_created": "2025-06-23T07:08:20.107Z", "updated_at": "2025-06-23T07:08:20.107Z"}}, {"model": "shop.product", "pk": 23, "fields": {"name": "Strawberry Donut", "slug": "strawberry_donut", "description": "Fresco e fruttato, questo donut Þ glassato con una deliziosa copertura alla fragola, a volte arricchita con zuccherini o scaglie di cioccolato. Ideale per una pausa primaverile!", "short_description": "", "price": "4.80", "discount_price": null, "category": 3, "image": "products/strawberry_donut.jpg", "is_new": false, "available": true, "date_created": "2025-06-23T07:09:03.015Z", "updated_at": "2025-06-23T07:09:03.015Z"}}, {"model": "shop.product", "pk": 24, "fields": {"name": "White Coriandoli Donut", "slug": "white_coriandoli_donut", "description": "Un donut glassato di bianco e decorato con coriandoli colorati, perfetto per chi cerca un dolce festoso ma elegante. Adatto a ogni occasione!", "short_description": "", "price": "4.30", "discount_price": null, "category": 3, "image": "products/white_coriandoli_donut.jpg", "is_new": false, "available": true, "date_created": "2025-06-23T07:09:46.766Z", "updated_at": "2025-06-23T07:09:46.766Z"}}, {"model": "shop.product", "pk": 25, "fields": {"name": "Cappuccino Muffin", "slug": "cappuccino_muffin", "description": "Un muffin dal cuore morbido e aromatico, ispirato al gusto del cappuccino. Con una delicata nota di caffÞ e una soffice cremositÓ, Þ perfetto per accompagnare la tua pausa caffÞ!", "short_description": "", "price": "5.00", "discount_price": null, "category": 2, "image": "products/cappuccino_muffin.jpg", "is_new": false, "available": true, "date_created": "2025-06-23T07:16:50.690Z", "updated_at": "2025-06-23T08:03:40.594Z"}}, {"model": "shop.product", "pk": 26, "fields": {"name": "Cherry Muffin", "slug": "cherry_muffin", "description": "Un muffin dolce e fruttato, arricchito con ciliegie succose. La glassa leggera e i pezzetti di frutta lo rendono fresco e irresistibile.", "short_description": "", "price": "4.60", "discount_price": null, "category": 2, "image": "products/cherry_muffin.jpg", "is_new": false, "available": true, "date_created": "2025-06-23T07:17:30.019Z", "updated_at": "2025-06-23T07:17:30.019Z"}}, {"model": "shop.product", "pk": 27, "fields": {"name": "Chocolate Muffin", "slug": "chocolate_muffin", "description": "Un classico per gli amanti del cioccolato! Morbido, goloso e ricco di gocce di cioccolato, con una glassa al cacao che lo rende ancora pi¨ decadente.", "short_description": "", "price": "4.50", "discount_price": null, "category": 2, "image": "products/chocolate_muffin.jpg", "is_new": false, "available": true, "date_created": "2025-06-23T07:18:11.470Z", "updated_at": "2025-06-23T07:18:11.470Z"}}, {"model": "shop.product", "pk": 28, "fields": {"name": "Classic Muffin", "slug": "classic_muffin", "description": "Il muffin perfetto, semplice e soffice, con un tocco di vaniglia e una glassa liscia. La scelta ideale per chi cerca un dolce senza troppi fronzoli, ma ricco di gusto.", "short_description": "", "price": "4.00", "discount_price": null, "category": 2, "image": "products/classic_muffin.jpg", "is_new": false, "available": true, "date_created": "2025-06-23T07:18:46.756Z", "updated_at": "2025-06-23T07:18:46.757Z"}}, {"model": "shop.product", "pk": 29, "fields": {"name": "Flower Muffin", "slug": "flower_muffin", "description": "Un muffin elegante e decorato con motivi floreali in glassa, perfetto per occasioni speciali. Il gusto delicato e lÆaspetto raffinato lo rendono un vero piacere per gli occhi e per il palato.", "short_description": "", "price": "4.80", "discount_price": null, "category": 2, "image": "products/flower_muffin.jpg", "is_new": false, "available": true, "date_created": "2025-06-23T07:19:24.752Z", "updated_at": "2025-06-23T07:19:24.752Z"}}, {"model": "shop.product", "pk": 30, "fields": {"name": "Matcha Muffin", "slug": "matcha_muffin", "description": "Per gli amanti dei sapori orientali: un muffin al tÞ matcha, con il suo caratteristico gusto erbaceo e leggermente amarognolo. Una delizia per chi cerca qualcosa di diverso dal solito dolce!", "short_description": "", "price": "4.80", "discount_price": null, "category": 2, "image": "products/macha_muffin.jpg", "is_new": false, "available": true, "date_created": "2025-06-23T07:20:28.912Z", "updated_at": "2025-06-23T07:20:28.912Z"}}, {"model": "shop.product", "pk": 31, "fields": {"name": "Marshmallow Muffin", "slug": "marshmallow_muffin", "description": "Un muffin soffice e avvolgente, farcito o ricoperto di marshmallow filante. A volte abbinato al cioccolato, Þ un vero comfort food per i momenti di dolce indulgenza.", "short_description": "", "price": "4.70", "discount_price": null, "category": 2, "image": "products/marshmallow_muffin.jpg", "is_new": false, "available": true, "date_created": "2025-06-23T07:21:35.993Z", "updated_at": "2025-06-23T08:03:35.227Z"}}, {"model": "shop.product", "pk": 32, "fields": {"name": "Rainbow Muffin", "slug": "rainbow_muffin", "description": "Un muffin coloratissimo, a strisce o con gocce di cioccolato arcobaleno. Perfetto per feste o per portare un poÆ di allegria nella tua giornata!", "short_description": "", "price": "4.00", "discount_price": null, "category": 2, "image": "products/rainbow_muffin.jpg", "is_new": false, "available": true, "date_created": "2025-06-23T07:22:17.818Z", "updated_at": "2025-06-23T07:22:17.818Z"}}, {"model": "shop.product", "pk": 33, "fields": {"name": "Red Velvet Muffin", "slug": "redvelvet_muffin", "description": "Ispirato alla famosa torta, questo muffin ha un colore rosso intenso e un gusto leggermente di cacao, spesso accompagnato da una cremosa glassa al formaggio. Elegante e delizioso!", "short_description": "", "price": "5.00", "discount_price": null, "category": 2, "image": "products/redvelvet_muffin.jpg", "is_new": false, "available": true, "date_created": "2025-06-23T07:22:53.341Z", "updated_at": "2025-06-23T07:22:53.341Z"}}, {"model": "shop.product", "pk": 34, "fields": {"name": "Raspberry Muffin", "slug": "raspberry_muffin", "description": "Un muffin dal sapore fresco e leggermente acidulo, grazie alle more di lampone incorporate nellÆimpasto o alla glassa ai frutti di bosco. Perfetto per chi ama i dolci fruttati.", "short_description": "", "price": "4.60", "discount_price": null, "category": 2, "image": "products/ruspberry_muffin.jpg", "is_new": false, "available": true, "date_created": "2025-06-23T07:23:37.271Z", "updated_at": "2025-06-23T07:23:37.271Z"}}, {"model": "shop.product", "pk": 35, "fields": {"name": "Strawberry Muffin", "slug": "strawberry_muffin", "description": "Dolce e fragrante, questo muffin Þ arricchito con pezzi di fragola fresca o glassa alla fragola. UnÆesplosione di gusto estivo in ogni morso!", "short_description": "", "price": "4.70", "discount_price": null, "category": 2, "image": "products/strawberry_muffin.jpg", "is_new": false, "available": true, "date_created": "2025-06-23T07:24:19.873Z", "updated_at": "2025-06-23T07:24:19.873Z"}}, {"model": "shop.product", "pk": 36, "fields": {"name": "Vanilla Muffin", "slug": "vanilla_muffin", "description": "Un muffin semplice ma raffinato, con il profumo inconfondibile della vaniglia e una glassa bianca e liscia. La scelta perfetta per chi ama la dolcezza classica e senza tempo.", "short_description": "", "price": "4.40", "discount_price": null, "category": 2, "image": "products/vanilla_muffin.jpg", "is_new": false, "available": true, "date_created": "2025-06-23T07:25:27.495Z", "updated_at": "2025-06-23T07:25:27.495Z"}}, {"model": "shop.cart", "pk": 1, "fields": {"user": 1, "session_key": null, "date_created": "2025-06-20T09:14:28.468Z", "updated_at": "2025-06-21T09:10:28.767Z", "discount_applied": true, "is_first_order": true}}, {"model": "shop.cart", "pk": 2, "fields": {"user": null, "session_key": "ahrqwn2xl7msl49menxjkbkoaosb85ca", "date_created": "2025-06-23T15:56:23.411Z", "updated_at": "2025-06-23T15:56:23.411Z", "discount_applied": false, "is_first_order": true}}, {"model": "shop.cart", "pk": 3, "fields": {"user": 2, "session_key": null, "date_created": "2025-06-23T18:28:39.330Z", "updated_at": "2025-06-23T18:28:39.330Z", "discount_applied": false, "is_first_order": true}}, {"model": "shop.cart", "pk": 4, "fields": {"user": null, "session_key": "ntqlq6w0z7ottmkvyralpf2xjhsmmywv", "date_created": "2025-06-23T18:29:07.230Z", "updated_at": "2025-06-23T18:29:07.230Z", "discount_applied": false, "is_first_order": true}}, {"model": "shop.cart", "pk": 5, "fields": {"user": null, "session_key": "96fjgwhvoymviv069b8p1t5hxkb7yy2u", "date_created": "2025-06-23T21:16:53.347Z", "updated_at": "2025-06-23T21:16:53.347Z", "discount_applied": false, "is_first_order": true}}]
